﻿BRANCH;CLUSTER;TDC;sales force
PARE-PARE;PARE MAJENE;PARE-PARE;SF-PAREPARE-7-HERMAN
PARE-PARE;PARE MAJENE;SIDRAP;SF-PAREPARE-21-HERUL WIJAYA
PARE-PARE;PARE MAJENE;POLEWALI;SFMMS-POLEWALI3-TAPA
KENDARI;KENDARI;WUA WUA;RESISTIA-1049-ISMAIL
KENDARI;KENDARI;UNAAHA;CVS-OUTER-1-ANDI ANDRY
KENDARI;KENDARI;WUA WUA;NASRUDDIN-MAMAN KIRAHMAN
KENDARI;KENDARI;TINANGGEA;MOBILE-BOMBANA-ALI SADIKIN
KENDARI;KENDARI;WUA WUA;MANDONGACITY-MMP-SUPRAYUDI
KENDARI;KENDARI;TINANGGEA;UHER-UKU HERMAWAN
KENDARI;KENDARI;RANOMEETO;SAMMUARI-1042-DEWA NYOMAN SUKARYA
KENDARI;KENDARI;RANOMEETO;RISMAN-LBC-ADE SETIAWAN
KENDARI;KENDARI;SAMPARA;PUWATU-MMP-SABRIANTO
KENDARI;KENDARI;KOLTIM;KENDARI-MMP-ELVIAN JAKA PUTRA
KENDARI;WAKATOBI;POMALA;CVS-KOLAKA-00-FERY
KENDARI;WAKATOBI;BOMBANA;CVS-BOMBANA-3-ERWIN
KENDARI;WAKATOBI;POMALA;CVS-KOLAKA-3-ANDI ZAINUDDIN
KENDARI;KENDARI;KOLTIM;CVS-KOLAKA-4-HARUNA
KENDARI;WAKATOBI;BOMBANA;CVS-LBC-1-ARIF MUNANDAR
KENDARI;KENDARI;KOLTIM;CVS-LBC-2-ARDISAL
KENDARI;KENDARI;WUA WUA;JHONY-LA ODE MUH IRMAN
KENDARI;KENDARI;WUA WUA;DEDY-497-KEMAR MISWAR
KENDARI;KENDARI;UNAAHA;SUPARMAN-1136-ILHAM SABANA
KENDARI;KENDARI;WUA WUA;SP-INNER-1-AGUNG
KENDARI;KENDARI;UNAAHA;CVS-LBC-4-SYAIPULLAH
KENDARI;KENDARI;KONUT;KONUT2-1241-RAHIM
KENDARI;KENDARI;RANOMEETO;ISMAIL-1073-ASRI WANDI
KENDARI;KENDARI;WUA WUA;KDIBARAT-MMP-ABDULLAH M. LAMAAGA
KENDARI;KENDARI;WUA WUA;IRWANDI-1043-MIRDAT
KENDARI;KENDARI;UNAAHA;IPUL-SULFAN SULFIANTO
KENDARI;KENDARI;WUA WUA;SP-INNER02-ISHAK ODE
KENDARI;KENDARI;TINANGGEA;CVS-LBC-5-MELFHIN ANDRIANSYAH MUS
KENDARI;KENDARI;RANOMEETO;CVS-LBC-3-IHRAM CANDRA
KENDARI;WAKATOBI;POMALA;CVS-OUTLER-2-ASRI BIN AMRI
KENDARI;KENDARI;WUA WUA;SABAD-AAN IBNU ARJUM
KENDARI;KENDARI;KONUT;JASIN-RAHMAT SANUSI
KENDARI;WAKATOBI;BOMBANA;SF_BOMBANA1-ANDIKA
KENDARI;KENDARI;WUA WUA;TRY SUPRAYITNO-TRY SUPRAYITNO
KENDARI;KENDARI;UNAAHA;ZAHARI-ABU BAKAR
KENDARI;KENDARI;SAMPARA;CVS-SAMPARA-1-RAHMAT
KENDARI;WAKATOBI;POMALA;CVS-KOLAKA-03-MUH LUTHFI
KENDARI;KENDARI;RANOMEETO;ADAN-MUH ILHAM NURDIANTO
KENDARI;KENDARI;WUA WUA;CVS-MORAMO-1-ISWAN SAPUTRA
KENDARI;KENDARI;SAMPARA;MARWAN-LBC-UFIK WAHYUDI
KENDARI;WAKATOBI;BOMBANA;CVS-BOMBANA-2-SURAHMAN
KENDARI;KENDARI;POMALA;CVS-KOLAKA-03-MUH LUTHFI
KENDARI;WAKATOBI;BUTON;SF-BAUBAU-18-ASRUDDIN
KENDARI;WAKATOBI;BAUBAU;SF-BAUBAU-11-ICAL
KENDARI;WAKATOBI;MUNA;SF-BAUBAU-20-ANDI JAMSIR
KENDARI;WAKATOBI;MUNA;SF-BAUBAU-24-ZULKANG
KENDARI;WAKATOBI;BAUBAU;SF-BAUBAU-12-Surya Dwi Putra
KENDARI;WAKATOBI;MUNA;SF-BAUBAU-19-MAJUI
KENDARI;WAKATOBI;BUTON TENGAH;SF-BAUBAU-07-AZIS
KENDARI;WAKATOBI;BUTON SELATAN;SF-BAUBAU-02-Syawal
KENDARI;WAKATOBI;BUTON TENGAH;SF-BAUBAU-33-IWAN 
KENDARI;WAKATOBI;BAUBAU;SF-BAUBAU-22-YENDI
KENDARI;WAKATOBI;BUTON TENGAH;SF-BAUBAU-25-ARMIN
KENDARI;WAKATOBI;WAKATOBI;SF-BAUBAU-21-JAMALUDDIN
KENDARI;WAKATOBI;WAKATOBI;SF-BAUBAU-26-LA ASA
KENDARI;WAKATOBI;BAUBAU;SF-BAUBAU-01-safaat
KENDARI;WAKATOBI;WAKATOBI;SF-BAUBAU-03-RUSMAN
KENDARI;WAKATOBI;MUNA;SF-BAUBAU-16-IRFAN
KENDARI;WAKATOBI;BAUBAU;SF-BAUBAU-09-Wawan
KENDARI;WAKATOBI;BUTON;SF-BAUBAU-23-DEDY
KENDARI;WAKATOBI;MUNA;SF-BAUBAU-08-MIANTO
KENDARI;WAKATOBI;BUTON UTARA;SF-BAUBAU-15-AYUB
KENDARI;KENDARI;KOLAKA UTARA;SP_KOLAKAUTARA-RISTANG
KENDARI;WAKATOBI;KOLAKA;SP_KOLAKA-PARDI SUPRIADI
KENDARI;KENDARI;KOLAKA UTARA;SF_LASUSUA-SYAIFUL SYAM
KENDARI;WAKATOBI;KOLAKA;SF_LATAMBAGA-SIGIT PURNOMO
KENDARI;WAKATOBI;KOLAKA;SF-KOLAKA-TITIS MUH. TAKBIR
KENDARI;KENDARI;KOLAKA UTARA;SF-NGAPA-SYAFRUDDIN ASIS
KENDARI;WAKATOBI;KOLAKA;SF-SAMATURU-RUSTAM SI.
KENDARI;KENDARI;KOLAKA UTARA;SF_BATUPUTIH-ISWAN BUSTAMAN
KENDARI;WAKATOBI;KOLAKA;FMP-SF-WOLO-MUHAMMAD YAKUB
KENDARI;KENDARI;KOLAKA UTARA;SF_LARAWA-AMBO UPE
KENDARI;KENDARI;KOLAKA UTARA;FMP-SF-WOLO-MUHAMMAD YAKUB
MAKASSAR;KOTA MAKASSAR;MESJID RAYA;SFBTL02-NASRUN
MAKASSAR;KOTA MAKASSAR;MESJID RAYA;SFBTL01-SAFAR
MAKASSAR;KOTA MAKASSAR;PETTARANI;SFPNK2-MUTAHIR
MAKASSAR;KOTA MAKASSAR;PETTARANI;SFPNK02-WAHYU
MAKASSAR;KOTA MAKASSAR;BIRING KANAYA;SFBRK07-RISWANDI
MAKASSAR;KOTA MAKASSAR;PETTARANI;SFPNK04-DARMAWAN
MAKASSAR;KOTA MAKASSAR;WAJO;SFUJT01-EFENDI
MAKASSAR;KOTA MAKASSAR;PETTARANI;SFMANGGALA2-MUH.FAISAL
MAKASSAR;KOTA MAKASSAR;PETTARANI;SFPNK01-SABAR
MAKASSAR;KOTA MAKASSAR;MESJID RAYA;SFMKS01-ANAS
MAKASSAR;GOWA;MAMATA;SF-GOWA-12-SF MELKY MAMATA
MAKASSAR;GOWA;MAMATA;SF-GOWA-11-SF ALFIAN
MAKASSAR;GOWA;MAMATA;SF-GOWA-10-SF ANDRI IRFHAN
MAKASSAR;KOTA MAKASSAR;MESJID RAYA;SFTALLO01-MUH.RIDWAN
MAKASSAR;KOTA MAKASSAR;BIRING KANAYA;SFBRK03-RIZAL
MAKASSAR;KOTA MAKASSAR;PETTARANI;SFMANGGALA1-YUSUF
MAKASSAR;GOWA;MAMATA;SF-GOWA-13-SF RIZAL
MAKASSAR;KOTA MAKASSAR;WAJO;SFUJT02-EKA AKBAR
MAKASSAR;KOTA MAKASSAR;BIRING KANAYA;SFBRK04-ADNAN
MAKASSAR;GOWA;MAMATA;SF-GOWA-14-SP WAHYU SYAHARUDDIN
MAKASSAR;KOTA MAKASSAR;WAJO;SFWAJO1-HARTONO
MAKASSAR;KOTA MAKASSAR;TAMALANREA;SFTML03-ANSAR
MAKASSAR;KOTA MAKASSAR;PETTARANI;SFPNK06-FADLY
MAKASSAR;KOTA MAKASSAR;MESJID RAYA;SFTALLO02-AGUSWANTO
MAKASSAR;KOTA MAKASSAR;TAMALANREA;SFTML04-ALAMSYAH
MAKASSAR;KOTA MAKASSAR;BIRING KANAYA;SFBRK1-RANDY
MAKASSAR;KOTA MAKASSAR;BIRING KANAYA;SFBRK05-ERWIN
MAKASSAR;KOTA MAKASSAR;TAMALANREA;SFTML01-TAJUDDIN
MAKASSAR;KOTA MAKASSAR;TAMALANREA;SFTML02-AWAL
MAKASSAR;GOWA;MAMATA;SF-GOWA-9-SF ABDUL RAHIM MMT
MAKASSAR;KOTA MAKASSAR;WAJO;SFUJP-A.INDRA
MAKASSAR;KOTA MAKASSAR;WAJO;PROMOTOR02-PROMOTOR
MAKASSAR;GOWA;GOWA;SF-GOWA-1-SF AMAL QADRI
MAKASSAR;BONE BULUKUMBA;BULUKUMBA;SF-BONE-24-RAJWAL
MAKASSAR;BONE BULUKUMBA;BULUKUMBA;SF-BONE-25-ASWAN
MAKASSAR;BONE BULUKUMBA;BANTAENG;SF-BONE-32-INAL PIRWANSYAH
MAKASSAR;BONE BULUKUMBA;BULUKUMBA;SF-BONE-31-JUSNADI
MAKASSAR;BONE BULUKUMBA;BANTAENG;SF-BONE-33-Hamka
MAKASSAR;BONE BULUKUMBA;BULUKUMBA;SF-BONE-27-ELVIAN WIDRIANTO
MAKASSAR;BONE BULUKUMBA;BULUKUMBA;SF-BONE-26-ALI IMRAN
MAKASSAR;BONE BULUKUMBA;BONE;SF-BONE-18-NASRUL HALIM
MAKASSAR;BONE BULUKUMBA;BONE;SF-BONE-5-RISKY RISAL BAKRI
MAKASSAR;BONE BULUKUMBA;BONE;SF-BONE-11-FIRMAN
MAKASSAR;BONE BULUKUMBA;BONE;SF-BONE-6-HAEDIR SUWARSONO
MAKASSAR;BONE BULUKUMBA;BONE;SF-BONE-17-SARWAN_ARIEF
MAKASSAR;BONE BULUKUMBA;BONE;SF-BONE-10-IDIL KURNIAWAN
MAKASSAR;BONE BULUKUMBA;BONE;SF-BONE-9-M. ILYAS
MAKASSAR;BONE BULUKUMBA;BONE;SF-BONE-4-WAWAN DARMAWAN
MAKASSAR;BONE BULUKUMBA;BONE;SF-BONE-16-ANDI GURIEL
MAKASSAR;BONE BULUKUMBA;BONE;SF-BONE-2-FAJRUL
MAKASSAR;BONE BULUKUMBA;BONE;SF-BONE-8-SYAHRIL
MAKASSAR;BONE BULUKUMBA;BONE;SF-BONE-14-NOFIAR USMAN
MAKASSAR;BONE BULUKUMBA;BANTAENG;SF-BONE-34-OVIL DIRNUN
MAKASSAR;BONE BULUKUMBA;BULUKUMBA;SF-BONE-29-RISWANDY.R
MAKASSAR;BONE BULUKUMBA;BULUKUMBA;SF-BONE-30-YUSUF
MAKASSAR;BONE BULUKUMBA;BULUKUMBA;SF-BONE-28-ANDI MUH. ADHE S.
MAKASSAR;BONE BULUKUMBA;SINJAI;SF-BONE-21-ANDI BAHRUM
MAKASSAR;BONE BULUKUMBA;SINJAI;SF-BONE-22-MOH.ERDIANSYAH SINJAI
MAKASSAR;BONE BULUKUMBA;SINJAI;SF-BONE-20-TOTOK WIJOYO
MAKASSAR;BONE BULUKUMBA;BONE;SF-BONE-15-RISAL
MAKASSAR;BONE BULUKUMBA;BONE;SF-BONE-7-IKAL
MAKASSAR;BONE BULUKUMBA;BONE;SF-BONE-13-AYATULLAH
MAKASSAR;BONE BULUKUMBA;SINJAI;SF-BONE-19-ANDRI 
MAKASSAR;BONE BULUKUMBA;SINJAI;SF-BONE-3-WAHYUDI
MAKASSAR;BONE BULUKUMBA;SINJAI;SF-BONE-12-Fajar Gunawan
MAKASSAR;BONE BULUKUMBA;SELAYAR;SF-BONE-35-AMIRUDDIN
MAKASSAR;BONE BULUKUMBA;SELAYAR;SF-BONE-37-ILHAM
MAKASSAR;BONE BULUKUMBA;SELAYAR;SF-BONE-36-AHMAD SULDI WIJAYA
MAKASSAR;BARRU MAROS;MAROS;SF-PANGKEP-09-YASIN MAROS
MAKASSAR;BARRU MAROS;MAROS;SF-PANGKEP-014-HASBI MAROS
MAKASSAR;BARRU MAROS;MAROS;SF-PANGKEP-010-INDRA MAROS
MAKASSAR;BARRU MAROS;MAROS;SF-PANGKEP-015-HERMAN MAROS
MAKASSAR;BARRU MAROS;PANGKEP;SF-PANGKEP-032-FIRMAN PANGKEP
MAKASSAR;BARRU MAROS;MAROS;SF-PANGKEP-011-SOELTAN MAROS
MAKASSAR;BARRU MAROS;PANGKEP;SF-PANGKEP-021-NURDIN PANGKEP
MAKASSAR;BARRU MAROS;PANGKEP;SF-PANGKEP-016-MIRNA PANGKEP
MAKASSAR;BARRU MAROS;PANGKEP;SF-PANGKEP-019-ANGGI PANGKEP
MAKASSAR;BARRU MAROS;PANGKEP;SF-PANGKEP-020-ANSYAR PANGKEP
MAKASSAR;BARRU MAROS;PANGKEP;SF-PANGKEP-022-SYAWAL PANGKEP
MAKASSAR;BARRU MAROS;SOPPENG;SF-PANGKEP-029-RAHMAT JAYA SOPPENG
MAKASSAR;BARRU MAROS;SOPPENG;SF-PANGKEP-024-ASWAR ARAS SOPPENG
MAKASSAR;BARRU MAROS;SOPPENG;SF-PANGKEP-026-ASWAR SOPPENG
MAKASSAR;BARRU MAROS;SOPPENG;SF-PANGKEP-030-Leo M Soppeng
MAKASSAR;BARRU MAROS;SOPPENG;SF-PANGKEP-027-SURIADI SOPPENG
MAKASSAR;BARRU MAROS;SOPPENG;SF-PANGKEP-028-A.Rahmat Soppeng
MAKASSAR;BARRU MAROS;BARRU;SF-PANGKEP-06-JASMAN BARRU
MAKASSAR;BARRU MAROS;BARRU;SF-PANGKEP-01-AWAL BARRU
MAKASSAR;BARRU MAROS;BARRU;SF-PANGKEP-03-SAENAL BARRU
MAKASSAR;BARRU MAROS;BARRU;SF-PANGKEP-02-MULYADI BARRU
MAKASSAR;BARRU MAROS;SOPPENG;SF-PANGKEP-031-AWAL SOPPENG
MAKASSAR;BARRU MAROS;MAROS;SF-PANGKEP-017-ANGGA MAROS
MAKASSAR;BARRU MAROS;PANGKEP;SF-PANGKEP-033-SUKRI PANGKEP
MAKASSAR;BARRU MAROS;MAROS;SF-PANGKEP-08-ARSAD MAROS
MAKASSAR;BARRU MAROS;MAROS;SF-PANGKEP-012-AHMAD MAROS
MAKASSAR;BARRU MAROS;MAROS;SF-PANGKEP-013-IRWAN BACOS MAROS
MAKASSAR;GOWA;RAPPOCINI;SF-GOWA-17-SF NUR ISMAL
MAKASSAR;GOWA;JENEPONTO;SF-GOWA-33-SP FIRDAUS
MAKASSAR;GOWA;GOWA;SF-GOWA-3-SF RISAL ANDRI WONGSONEGORO
MAKASSAR;GOWA;GOWA;SF-GOWA-5-SF FAHMI
MAKASSAR;GOWA;TAKALAR;SF-GOWA-22-SF MUH. IKRAR ETHA
MAKASSAR;GOWA;GOWA;SF-GOWA-6-SP IRHAM MUHAMMAD
MAKASSAR;GOWA;JENEPONTO;SF-GOWA-30-SF FAISAL MUSKA
MAKASSAR;GOWA;JENEPONTO;SF-GOWA-29-SF ARIFUDDIN
MAKASSAR;GOWA;JENEPONTO;SF-GOWA-31-SF SUTRISNO
MAKASSAR;GOWA;TAKALAR;SF-GOWA-20-SF MUH AMIN
MAKASSAR;GOWA;TAKALAR;SF-GOWA-23-SF ASRI
MAKASSAR;GOWA;GOWA;SF-GOWA-4-SF NURDIN NAWAWI
MAKASSAR;GOWA;RAPPOCINI;SF-GOWA-16-SF SUHARDI
MAKASSAR;GOWA;GOWA;SF-GOWA-2-SF EDI ISMAWAN
MAKASSAR;GOWA;TAKALAR;SF-GOWA-24-SP ABDY AZHARI
MAKASSAR;GOWA;GOWA;SF-GOWA-8-SF RAHMAN
MAKASSAR;GOWA;RAPPOCINI;SF-GOWA-18-SF TRISALDI
MAKASSAR;GOWA;RAPPOCINI;SF-GOWA-19-SP RIDWAN SAFEI
MAKASSAR;GOWA;GOWA;SF-GOWA-7-SF HAMZAL
MAKASSAR;GOWA;RAPPOCINI;SF-GOWA-35-SF DJODI GUIDO WIDIANTO
MAKASSAR;GOWA;TAKALAR;SF-GOWA-21-SF ALDIAN PUTRA
MAKASSAR;GOWA;TAKALAR;SF-GOWA-26-SF M ASHABUL NUR
MAKASSAR;GOWA;JENEPONTO;SF-GOWA-28-SF JAMALUDDIN
MAKASSAR;GOWA;TAKALAR;SF-GOWA-25-SF RAHMATULLAH
MAKASSAR;GOWA;TAKALAR;SF-GOWA-27-SF ANDI AKBAR IBRAHIM
MAKASSAR;GOWA;JENEPONTO;SF-GOWA-32-SF ASWALDI
MAKASSAR;GOWA;MAMATA;SF-GOWA-34-SF HAJIR
MANADO;MANADO RAYA;TUMINTING;KENNY-KENNY KAIRUPAN
MANADO;MANADO RAYA;TUMINTING;BOBBYWATTI-pepi
MANADO;MANADO RAYA;MEGAMAS;BOYKE-RICHARD ALFONDS
MANADO;MANADO RAYA;MEGAMAS;TAUFIKTAHIR-TAUFIK TAHIR
MANADO;MANADO RAYA;MEGAMAS;TSHOP2-STANLEY L
MANADO;MANADO RAYA;MEGAMAS;TSHOP1-KENNY
MANADO;MANADO RAYA;MAPANGET;TSHOP7-Brayen Wowiling
MANADO;MANADO RAYA;MAPANGET;TSHOP4-VALEN OPING
MANADO;MANADO RAYA;MALALAYANG;RAFLITAHIR-RAFLI TAHIR
MANADO;MANADO RAYA;MEGAMAS;TSHOP9-Wahyu Setiawan
MANADO;MANADO RAYA;MALALAYANG;TSHOP5-MERCY JOSEPH KAPELE
MANADO;MANADO RAYA;MEGAMAS;FATRIZ-ALFIAN.G
MANADO;MANADO RAYA;MAPANGET;GERSONMEXIK-GERSON MEXI KEMUR
MANADO;MANADO RAYA;MAPANGET;STENLY-M-STENLY MAMAHANI
MANADO;MANADO RAYA;TUMINTING;TSHOP6-RAHMAN AMRAIN
MANADO;MANADO RAYA;MEGAMAS;STENLY-J-STENLY JEHUNBEB
MANADO;MANADO RAYA;MALALAYANG;TSHOP8-ANGGI FRENDY WOWILING
MANADO;MANADO RAYA;MALALAYANG;FARHAN85-FARHAN
MANADO;MANADO RAYA;TUMINTING;TSHOP3-SUPRIADY
MANADO;MANADO RAYA;MEGAMAS;RAIMOND-VIAN
MANADO;MINAHASA TALAUD;KEPULAUAN;SF-BMT-47-SANGIHE JOHIN
MANADO;MINAHASA TALAUD;KEPULAUAN;SF-BMT-60-SANGIHE SP CHRISTIAN
GORONTALO;GORONTALO;KOTAMOBAGU;SF-BMT-29-KOTA DAVID
MANADO;MINAHASA TALAUD;KEPULAUAN;SF-BMT-46-SANGIHE FADLY
MANADO;MANADO RAYA;MINUT;SF-BMT-3-MINUT SANDY
MANADO;MINAHASA TALAUD;MINAHASA;SF-BMT-69-MINAHASA SEPTIAN
MANADO;MANADO RAYA;BITUNG;SF-BMT-15-BITUNG HENDRA
MANADO;MINAHASA TALAUD;TOMOHON;SF-BMT-65-TOMOHON MINAHASA SP SENDI
MANADO;MINAHASA TALAUD;TOMOHON;SF-BMT-62-TOMOHON RONALD
MANADO;MINAHASA TALAUD;TOMOHON;SF-BMT-61-TOMOHON NANO
MANADO;MINAHASA TALAUD;MINAHASA;SF-BMT-67-MINAHASA NOFRI
GORONTALO;GORONTALO;KOTAMOBAGU;SF-BMT-32-KOTA FULDY
MANADO;MINAHASA TALAUD;MINAHASA;SF-BMT-33-MINAHASA HANNY
MANADO;MINAHASA TALAUD;TOMOHON;SF-BMT-64-TOMOHON STIVI
MANADO;MINAHASA TALAUD;KEPULAUAN;SF-BMT-49-SANGIHE ROY
MANADO;MINAHASA TALAUD;TOMOHON;SF-BMT-55-MINAHASA DAUD
MANADO;MANADO RAYA;MINUT;SF-BMT-6-MINUT PAUL
MANADO;MINAHASA TALAUD;MINAHASA;SF-BMT-35-MINAHASA SANLY
MANADO;MANADO RAYA;BITUNG;SF-BMT-22-BITUNG RAHMAT 
MANADO;MANADO RAYA;BITUNG;SF-BMT-23-BITUNG RASID
MANADO;MANADO RAYA;BITUNG;SF-BMT-43-BITUNG SP FIKRY
MANADO;MANADO RAYA;BITUNG;SF-BMT-25-BITUNG GINANJAR
MANADO;MANADO RAYA;MINUT;SF-BMT-38-MINUT VRISKI
MANADO;MINAHASA TALAUD;TOMOHON;SF-BMT-58-TOMOHON RIO
MANADO;MINAHASA TALAUD;MINSEL;SF-BMT-8-MINSEL JELLY
MANADO;MINAHASA TALAUD;MINSEL;SF-BMT-9-MINSEL JERRY
MANADO;MINAHASA TALAUD;MINSEL;SF-BMT-10-MINSEL KENDY
GORONTALO;GORONTALO;KOTAMOBAGU;SF-BMT-27-KOTA DICKY
MANADO;MINAHASA TALAUD;KEPULAUAN;SF-BMT-50-SANGIHE YUSUF
GORONTALO;GORONTALO;KOTAMOBAGU;SF-BMT-30-KOTA RENDY
MANADO;MANADO RAYA;MINUT;SF-BMT-2-MINUT ENDA
MANADO;MINAHASA TALAUD;KEPULAUAN;SF-BMT-52-TALAUD SRI
MANADO;MINAHASA TALAUD;KOTAMOBAGU;SF-BMT-30-KOTA RENDY
MANADO;MINAHASA TALAUD;MITRA;SF-BMT-40-MITRA ARTHON
MANADO;MINAHASA TALAUD;MITRA;SF-BMT-41-MITRA DODDY
MANADO;MANADO RAYA;MINUT;SF-BMT-1-MINUT NOFRI
MANADO;MANADO RAYA;MINUT;SF-BMT-4-MINUT VITHA
MANADO;MINAHASA TALAUD;MINAHASA;SF-BMT-66-MINAHASA JECKSEN
MANADO;MANADO RAYA;BITUNG;SF-BMT-18-BITUNG MARSEL
MANADO;MINAHASA TALAUD;KOTAMOBAGU;SF-BMT-21-BOLTIM ILHAM
MANADO;MINAHASA TALAUD;MINSEL;SF-BMT-13-MINSEL WAHYU
MANADO;MINAHASA TALAUD;MINSEL;SF-BMT-12-MINSEL HENOKH
GORONTALO;GORONTALO;KOTAMOBAGU;SF-BMT-57-KOTA BOLTIM SP LESLY
MANADO;MINAHASA TALAUD;TOMOHON;SF-BMT-54-MINAHASA EVAND
MANADO;MINAHASA TALAUD;MITRA;SF-BMT-42-MITRA GLEN
MANADO;MANADO RAYA;BITUNG;SF-BMT-26-BITUNG ISHAK
GORONTALO;GORONTALO;KOTAMOBAGU;SF-BMT-20-BOLTIM KIFLY
GORONTALO;GORONTALO;KOTAMOBAGU;SF-BMT-21-BOLTIM ILHAM
MANADO;MANADO RAYA;BITUNG;SF-BMT-17-BITUNG JAMES
MANADO;MANADO RAYA;BITUNG;SF-BMT-16-BITUNG ISMAIL
MANADO;TERNATE;TERNATE;CANVASSERTTE-006-PROMOTOR TTE
MANADO;TERNATE;TERNATE;CANVASSERTTE-005-HARUN JAINUDIN ( TTE )
MANADO;TERNATE;TERNATE;SFTTE-002-M. SYAIFUL JONO (TTE)
MANADO;TERNATE;TERNATE;SFTTE005-MARWAN SF
MANADO;TERNATE;TERNATE;CANVASSERTTE-003-MASRI ALI (TTE)
MANADO;TERNATE;TERNATE;CANVASSERTTE-007-SF RYAN CONORAS
MANADO;TERNATE;SOFIFI;CANVASSERTTE-008-DAHLAN SF SOFIFI
MANADO;TERNATE;TERNATE;SFTTE-001-MUH. FALDI KELILAUW (TTE)
MANADO;TERNATE;TERNATE;CANVASSERTTE-001-ANWAR YAKUB (TTE)
MANADO;TERNATE;TERNATE;CANVASSERTTE-0002-Julfikar Ramadan (TTE)
MANADO;TERNATE;BACAN;SFTTE002-ALKASWAN SALEH BACAN
MANADO;TERNATE;BACAN;CANVASSERTTE-0014-JULRAHMAN NEBO ( BCN )
MANADO;TERNATE;BULI;CANVASSERTTE-015-ARIS MANINGO (Buli)
MANADO;TERNATE;SOFIFI;CANVASSERTTE-9-M AKBAR BAYAN (Jailolo)
MANADO;TERNATE;TOBELO;CANVASSERTTE-13-SF MUH. ZAIN TAUFIQ (GALELA)
MANADO;TERNATE;TOBELO;CANVASSERTTE-0012-Muh.Kadir.W.Irwan(TBL)
MANADO;TERNATE;TOBELO;CANVASSERTTE-0011-NANDITO SIRUANG
MANADO;TERNATE;TERNATE;SFTTE003-SALZI R UMASANAGDJI (TTE)
PALU;LUWUK BANGGAI;BACAN;SFTTE008-HAMDAN TIDORE (SANANA)
MANADO;TERNATE;TOBELO;SFTTE010-FAISAL (SF KAO)
MANADO;TERNATE;TOBELO;SFTTE009-M.ALBAR (MOROTAI)
MANADO;TERNATE;TOBELO;SFTTE012-SIGIT SAPUTRA (subaim)
PALU;LUWUK BANGGAI;BACAN;SFTTE007-MISWAN BOBONG
PALU;LUWUK BANGGAI;BACAN;CANVASSERTTE-0014-JULRAHMAN NEBO ( BCN )
PALU;LUWUK BANGGAI;BACAN;SFTTE011-NIRWAN OBI
PALU;PALU MAMUJU;DONGGALA;SF-PALU-3-ARIANDI 
PALU;PALU MAMUJU;DONGGALA;SF-PALU-2-RYO
PALU;PALU MAMUJU;DONGGALA;SF-PALU-1-ANCA
PALU;PALU MAMUJU;PALU;SF-PALU-28-AMINUDDIN 
PALU;PALU MAMUJU;PALU;SF-PALU-21-JUFRI YADI
PALU;PALU MAMUJU;PALU;SF-PALU-11-FAJRIN
PALU;PALU MAMUJU;PALU;SF-PALU-16-AFFANDI
PALU;PALU MAMUJU;PALU;SF-PALU-20-HARIANTO
PALU;PALU MAMUJU;PALU;SF-PALU-27-FEBRY TANGKEPADANG
PALU;PALU MAMUJU;PALU;SF-PALU-29-TRI SATRIA YUDHA
PALU;PALU MAMUJU;PALU;SF-PALU-24-ZAENAL
PALU;PALU MAMUJU;POSO;SF-PALU-45-JUMADIN MAMONTO
PALU;PALU MAMUJU;PALU;SF-PALU-23-MUH ALAN
PALU;PALU MAMUJU;PALU;SF-PALU-9-GUFRAN 
PALU;PALU MAMUJU;PALU;SF-PALU-12-ADY WIBOWO
PALU;PALU MAMUJU;SIGI;SF-PALU-15-SYARIF
PALU;PALU MAMUJU;SIGI;SF-PALU-53-INDRA 
PALU;PALU MAMUJU;POSO;SF-PALU-50-FELIKS SANTULE
PALU;PALU MAMUJU;POSO;SF-PALU-48-RIFAN ISWANDI
PALU;PALU MAMUJU;POSO;SF-PALU-47-IRFANDI
PALU;PALU MAMUJU;SIGI;SF-PALU-51-FAHMIL
PALU;PALU MAMUJU;PASANGKAYU;SF-PALU-39-RIZAL
PALU;PALU MAMUJU;PALU;SF-PALU-14-ARIF RAHMAN
PALU;PALU MAMUJU;PALU;SF-PALU-10-ARDIANSYAH SETIAWAN
PALU;PALU MAMUJU;SIGI;SF-PALU-52-MOH NOVAL
PALU;PALU MAMUJU;PALU;SF-PALU-26-DESMANTO
PALU;PALU MAMUJU;POSO;SF-PALU-46-ABDULLAH
PALU;PALU MAMUJU;TOLITOLI;SF-PALU-61-RAMLY
PALU;PALU MAMUJU;KOTARAYA;SF-PALU-7-MOH YASIR
PALU;PALU MAMUJU;TOLITOLI;SF-PALU-58-NASIR
PALU;PALU MAMUJU;TOLITOLI;SF-PALU-59-NISWANDY
PALU;PALU MAMUJU;TOLITOLI;SF-PALU-54-CAKRA
PALU;PALU MAMUJU;PARIGI;SF-PALU-34-RIFKI HUSAIN
PALU;PALU MAMUJU;PARIGI;SF-PALU-30-MUHAMMAD WAHYU
PALU;PALU MAMUJU;PARIGI;SF-PALU-32-ARIF GUNAWAN
PALU;PALU MAMUJU;KOTARAYA;SF-PALU-4-IRAWAN
PALU;PALU MAMUJU;TOLITOLI;SF-PALU-55-FIKRAH
PALU;PALU MAMUJU;TOLITOLI;SF-PALU-57-YUSUF TOLITOLI
PALU;PALU MAMUJU;PARIGI;SF-PALU-36-AFDAL
PALU;PALU MAMUJU;PARIGI;SF-PALU-35-MOH. RIFKI
PALU;PALU MAMUJU;KOTARAYA;SF-PALU-6-KAHAR
PALU;PALU MAMUJU;PARIGI;SF-PALU-33-FIRMANSYAH
PALU;PALU MAMUJU;PARIGI;SF-PALU-31-JUMARTO
PALU;PALU MAMUJU;KOTARAYA;SF-PALU-5-HARPIN
PALU;PALU MAMUJU;TOLITOLI;SF-PALU-60-NOPRY
PALU;PALU MAMUJU;PALU;SF-PALU-13-BOBY 
PALU;PALU MAMUJU;PALU;SF-PALU-22-IRFANDI
PALU;PALU MAMUJU;POSO;SF-PALU-43-HENDRIK TUNGGAI
PALU;PALU MAMUJU;POSO;SF-PALU-49-ANDI MAHFUD GISMAN
PALU;PALU MAMUJU;POSO;SF-PALU-44-NURCAHYO
PALU;PALU MAMUJU;PARIGI;SF-PALU-38-I GUSTI NYOMAN DUDIANTO
PALU;PALU MAMUJU;PASANGKAYU;SF-PALU-42-FIRMAN RUDIANSYAH
PALU;PALU MAMUJU;PASANGKAYU;SF-PALU-41-SUARDI
PALU;PALU MAMUJU;PASANGKAYU;SF-PALU-40-ANDI
PALU;PALU MAMUJU;PALU;SF-PALU-17-MUSTAKIM 
PALU;PALU MAMUJU;PALU;SF-PALU-25-MUH ARIEF FADLI
PALU;PALU MAMUJU;TOLITOLI;SF-PALU-62-RIZAL
PALU;PALU MAMUJU;TOLITOLI;SF-PALU-56-HASANUDDIN 
PALU;LUWUK BANGGAI;AMPANA;SF-BANGGAI-1-ZULFAHRI 
PALU;LUWUK BANGGAI;AMPANA;SF-BANGGAI-4-MOH RIZAL
PALU;LUWUK BANGGAI;LUWUK;SF-BANGGAI-14-BANI
PALU;LUWUK BANGGAI;AMPANA;SF-BANGGAI-11-YUSRI
PALU;LUWUK BANGGAI;LUWUK;SF-BANGGAI-10-HARIANTO. SALIAMA
PALU;LUWUK BANGGAI;LUWUK;SF-BANGGAI-20-NALDI
PALU;LUWUK BANGGAI;LUWUK;SF-BANGGAI-27-EFRIANTO
PALU;LUWUK BANGGAI;LUWUK;SF-BANGGAI-22-SUGANDI
PALU;LUWUK BANGGAI;LUWUK;SF-BANGGAI-21-HENDRO
PALU;LUWUK BANGGAI;BASAL;SF-BANGGAI-6-MAMAN
PALU;LUWUK BANGGAI;BASAL;SF-BANGGAI-18-SULEMAN POMOLANGO
PALU;LUWUK BANGGAI;AMPANA;SF-BANGGAI-5-UDIN
PALU;LUWUK BANGGAI;AMPANA;SF-BANGGAI-3-RIVAL
PALU;LUWUK BANGGAI;BUNGKU;SF-BANGGAI-26-MMPP. JAYA
PALU;LUWUK BANGGAI;BUNGKU;SF-BANGGAI-25-SF-ADRIANSYAH
PALU;LUWUK BANGGAI;BUNGKU;SF-BANGGAI-19-BackUp Spv
PALU;LUWUK BANGGAI;BUNGKU;SF-BANGGAI-7-Riski Felix Pelodu
PALU;LUWUK BANGGAI;AMPANA;SF-BANGGAI-12-FANDI
PALU;LUWUK BANGGAI;BUNGKU;SF-BANGGAI-9-Mursidik
PALU;LUWUK BANGGAI;LUWUK;SF-BANGGAI-28-KARDI
PALU;LUWUK BANGGAI;BASAL;SF-BANGGAI-16-RIVAL ARIWIRAWAN
PALU;LUWUK BANGGAI;BASAL;SF-BANGGAI-17-JEFRI USMAN
PALU;LUWUK BANGGAI;BASAL;SF-BANGGAI-29-SF SUTRIYONO
PALU;LUWUK BANGGAI;BUNGKU;SF-BANGGAI-15-FERINALDY TARUMIDI
PALU;LUWUK BANGGAI;BUNGKU;SF-BANGGAI-8-DANUARTA
PALU;LUWUK BANGGAI;LUWUK;SF-BANGGAI-23-AULIA
PALU;LUWUK BANGGAI;LUWUK;SF-BANGGAI-13-ARNO
GORONTALO;GORONTALO;TDC KOTA;CVS KTA 02-KTA ILHAM
GORONTALO;GORONTALO;TDC MARISA;CVS MRS 01-MRS FERY
GORONTALO;GORONTALO;TDC KWANDANG;CVS KWD 05-KWD BAYU
GORONTALO;GORONTALO;TDC KOTA;CVS KTA 01-KTA VELIX
GORONTALO;GORONTALO;TDC KWANDANG;CVS KWD 03-KWD JEFRI
GORONTALO;GORONTALO;TDC KWANDANG;CVS KWD 04-KWD AKSAL
GORONTALO;GORONTALO;TDC KWANDANG;CVS KWD 01-KWD ROY
GORONTALO;GORONTALO;TDC LIMBOTO;CVS LBT 01-LBT RIO
GORONTALO;GORONTALO;TDC MARISA;CVS MRS 03-MRS REFLIS
GORONTALO;GORONTALO;TDC MARISA;CVS MRS 04-MRS LATIF
GORONTALO;GORONTALO;TDC LIMBOTO;CVS LBT 05-LBT Riyanto
GORONTALO;GORONTALO;TDC KWANDANG;CVS KWD 02-KWD DANI
GORONTALO;GORONTALO;TDC KOTA;CVS KTA 10-KTA FERDY
GORONTALO;GORONTALO;TDC MARISA;CVS MRS 05-MRS KASIM
GORONTALO;GORONTALO;TDC MARISA;CVS MRS 06-MRS ADITYA
GORONTALO;GORONTALO;TDC BUOL;CVS BUO 01-BUO ZULKIFLI
GORONTALO;GORONTALO;TDC BUOL;CVS BUO 02-BUO RUSDIN
GORONTALO;GORONTALO;TDC BUOL;CVS BUO 03-BUO SARIF
GORONTALO;GORONTALO;TDC LIMBOTO;CVS LBT 03-LBT RIZAL
GORONTALO;GORONTALO;TDC MARISA;CVS MRS 02-MRS SANDI
GORONTALO;GORONTALO;TDC LIMBOTO;CVS LBT 04-LBT RAMADAN
GORONTALO;GORONTALO;TDC LIMBOTO;CVS LBT 02-LBT RENDI
GORONTALO;GORONTALO;TDC LOLAK;CVS LOK 05-LOK ZUL
GORONTALO;GORONTALO;TDC LOLAK;CVS LOK 02-LOK SABRI
GORONTALO;GORONTALO;TDC LOLAK;CVS LOK 01-LOK HIDAYAT
GORONTALO;GORONTALO;TDC LOLAK;CVS LOK 04-LOK OBI
GORONTALO;GORONTALO;TDC LOLAK;CVS LOK 03-LOK STEIVENLY
GORONTALO;GORONTALO;TDC KOTA;CVS KTA 08-KTA ZURIA
GORONTALO;GORONTALO;TDC KOTA;CVS KTA 04-KTA IRFAN
GORONTALO;GORONTALO;TDC KOTA;CVS KTA 06-KTA MASKUR
GORONTALO;GORONTALO;TDC KOTA;CVS KTA 03-KTA RAHMAT
GORONTALO;GORONTALO;TDC KOTA;CVS KTA 05-KTA DIRGA
GORONTALO;GORONTALO;TDC KOTA;CVS KTA 07-KTA TAYIB
GORONTALO;GORONTALO;TDC KOTA;CVS KTA 09-KTA DIMAS
PARE-PARE;PARE MAJENE;POLEWALI;SF-MMS-POLEWALI-RUDI
PARE-PARE;PARE MAJENE;WONOMULYO;SFMMS-TINAMBUNG1-YUNUS
PARE-PARE;PARE MAJENE;WONOMULYO;SFMMS-WONOMULYO-ANTO
PARE-PARE;PARE MAJENE;WONOMULYO;WONOMULYO-FARID
PALU;PALU MAMUJU;MAMUJU;MAMUJU06-HASYIM-KALUKKU
PALU;PALU MAMUJU;MAMUJU;CVS-MAMUJU-17-PRAYETNO
PARE-PARE;PARE MAJENE;MAJENE;SF-MAJENE-1-RIZAL 
PARE-PARE;PARE MAJENE;MAJENE;SF-MAJENE-2-MAHARDIKA
PARE-PARE;PARE MAJENE;MAJENE;MAMASAMAJENE8-SAFRUDDIN
PARE-PARE;PARE MAJENE;MAJENE;MAMASAMAJENE7-NASRY 
PALU;PALU MAMUJU;MAMUJU;CVS-MAMUJU-9-SYARIF
PALU;PALU MAMUJU;MAMUJU;CVS-MAMUJU-18-ACHO
PALU;PALU MAMUJU;TOPOYO;CVS-MAMUJU-19-ANDES
PALU;PALU MAMUJU;TOPOYO;MAMUJU-IMAM
PARE-PARE;PARE MAJENE;POLEWALI;MAMASAMAJENE9-JUFRI
PARE-PARE;EWAKO;BELOPA;SF-PLPSRK-1-RIDWAN BELOPA
PARE-PARE;EWAKO;PALOPO;SF-PLPSRK-34-YUZAR PALOPO
PARE-PARE;EWAKO;PALOPO;SF-PLPSRK-29-IRSAL PALOPO
PARE-PARE;EWAKO;RANTEPAO;SF-PLPSRK-40-JACOB RANTEPAO
PARE-PARE;EWAKO;BELOPA;SF-PLPSRK-2-DESTIAN BELOPA
PARE-PARE;EWAKO;PALOPO;SF-PLPSRK-23-ARDIANSYAH PALOPO
PARE-PARE;EWAKO;BELOPA;SF-PLPSRK-5-PUTU BELOPA
PARE-PARE;EWAKO;PALOPO;SF-PLPSRK-25-ASRUL PALOPO
PARE-PARE;EWAKO;BELOPA;SF-PLPSRK-7-KETUT BELOPA
PARE-PARE;EWAKO;PALOPO;SF-PLPSRK-22-ANTO PALOPO
PARE-PARE;EWAKO;BELOPA;SF-PLPSRK-3-HENDRIK BELOPA
PARE-PARE;EWAKO;PALOPO;SF-PLPSRK-28-IRWAN PALOPO
PARE-PARE;EWAKO;RANTEPAO;SF-PLPSRK-44-RESKI RANTEPAO
PARE-PARE;EWAKO;BELOPA;SF-PLPSRK-60-NASAL BELOPA
PARE-PARE;EWAKO;RANTEPAO;SF-PLPSRK-38-ANNUKI RANTEPAO
PARE-PARE;EWAKO;PALOPO;SF-PLPSRK-21-RISWAN PALOPO
PARE-PARE;EWAKO;SOROWAKO;SF-PLPSRK-55-HERU SOROWAKO
PARE-PARE;EWAKO;PALOPO;SF-PLPSRK-33-RIDWAN PALOPO
PARE-PARE;EWAKO;RANTEPAO;SF-PLPSRK-39-ENOS RANTEPAO
PARE-PARE;EWAKO;RANTEPAO;SF-PLPSRK-46-SAKRIANTO RANTEPAO
PARE-PARE;EWAKO;BELOPA;SF-PLPSRK-8-MELKY BELOPA
PARE-PARE;EWAKO;PALOPO;SF-PLPSRK-31-MIRWAN PALOPO
PARE-PARE;EWAKO;PALOPO;SF-PLPSRK-24-ARMAN PALOPO
PARE-PARE;EWAKO;RANTEPAO;SF-PLPSRK-43-NOBER RANTEPAO
PARE-PARE;EWAKO;RANTEPAO;SF-PLPSRK-41-KAMRIZAL RANTEPAO
PARE-PARE;EWAKO;RANTEPAO;SF-PLPSRK-49-HASLAN RANTEPAO
PARE-PARE;EWAKO;RANTEPAO;SF-PLPSRK-36-YOPI RANTEPAO
PARE-PARE;EWAKO;BELOPA;SF-PLPSRK-6-HANDRIAN BELOPA
PARE-PARE;EWAKO;SOROWAKO;SF-PLPSRK-52-ARMAN MALILI
PARE-PARE;EWAKO;SOROWAKO;SF-PLPSRK-56-HERWAN SOROWAKO
PARE-PARE;EWAKO;PALOPO;SF-PLPSRK-30-HILAL PALOPO
PARE-PARE;EWAKO;MASAMBA;SF-PLPSRK-17-RAFDI MASAMBA
PARE-PARE;EWAKO;MASAMBA;SF-PLPSRK-19-SUHIRMAN MANGKUTANA
PARE-PARE;EWAKO;MASAMBA;SF-PLPSRK-12-ASWANTO MASAMBA
PARE-PARE;EWAKO;MASAMBA;SF-PLPSRK-11-AGUS MASAMBA
PARE-PARE;EWAKO;MASAMBA;SF-PLPSRK-20-UKI MASAMBA
PARE-PARE;EWAKO;MASAMBA;SF-PLPSRK-14-JUSMAWAN MASAMBA
PARE-PARE;EWAKO;MASAMBA;SF-PLPSRK-15-MIRWAN MANGKUTANA
PARE-PARE;EWAKO;MASAMBA;SF-PLPSRK-18-REZALDI MANGKUTANA
PARE-PARE;EWAKO;MASAMBA;SF-PLPSRK-10-ANDRY MASAMBA
PARE-PARE;EWAKO;PALOPO;SF-PLPSRK-27-FANGKI WALMAS
PARE-PARE;EWAKO;SOROWAKO;SF-PLPSRK-53-ADDI SOROWAKO
PARE-PARE;EWAKO;SOROWAKO;SF-PLPSRK-51-JEFRI SOROWAKO
PARE-PARE;EWAKO;MASAMBA;SF-PLPSRK-13-IWAN MANGKUTANA
PARE-PARE;EWAKO;MASAMBA;SF-PLPSRK-9-NASRULLA MASAMBA
PARE-PARE;EWAKO;SOROWAKO;SF-PLPSRK-50-ABDAN MALILI
PARE-PARE;EWAKO;PALOPO;SF-PLPSRK-32-RAHMAT WALMAS
PARE-PARE;EWAKO;SOROWAKO;SF-PLPSRK-57-ICHAL MALILI
PARE-PARE;EWAKO;MASAMBA;SF-PLPSRK-16-PUTU MASAMBA
PARE-PARE;EWAKO;PALOPO;SF-PLPSRK-26-RUSLAN WALMAS
PARE-PARE;EWAKO;SOROWAKO;SF-PLPSRK-54-HARYADI MALILI
PARE-PARE;PARE MAJENE;SENGKANG;SF-PAREPARE-18-AHMAD BAYANI
PARE-PARE;PARE MAJENE;SENGKANG;SF-PAREPARE-14-MUH. AKBAR
PARE-PARE;PARE MAJENE;SENGKANG;SF-PAREPARE-30-ARDY
PARE-PARE;PARE MAJENE;SENGKANG;SF-PAREPARE-16-FAJRUL
PARE-PARE;PARE MAJENE;SENGKANG;SF-PAREPARE-15-VACHRUN
PARE-PARE;PARE MAJENE;SIWA;SF-PAREPARE-37-DANDI RAMADAN
PARE-PARE;PARE MAJENE;SENGKANG;SF-PAREPARE-36-MUH. IDRUS
PARE-PARE;EWAKO;RANTEPAO;SF-PLPSRK-35-LOREN MAKALE
PARE-PARE;EWAKO;RANTEPAO;SF-PLPSRK-45-REIN MAKALE
PARE-PARE;PARE MAJENE;PINRANG;SF-PAREPARE-13-HENDRI
PARE-PARE;EWAKO;ENREKANG;SF-PAREPARE-3-FAJRUL ALAMSYAH
PARE-PARE;PARE MAJENE;PINRANG;SF-PAREPARE-11-BUDIMAN
PARE-PARE;PARE MAJENE;PINRANG;SF-PAREPARE-9-ILHAM JAMAL
PARE-PARE;PARE MAJENE;PINRANG;SF-PAREPARE-12-ASLAN
PARE-PARE;EWAKO;ENREKANG;SF-PAREPARE-4-ZULFIKAR
PARE-PARE;EWAKO;ENREKANG;SF-PAREPARE-1-AZWAR
PARE-PARE;EWAKO;ENREKANG;SF-PAREPARE-2-WAHYUDDIN SF ENREKANG
PARE-PARE;PARE MAJENE;PARE-PARE;SF-PAREPARE-5-DODI LESMANA
PARE-PARE;PARE MAJENE;PARE-PARE;SF-PAREPARE-31-RANDY SYAPUTRA
PARE-PARE;PARE MAJENE;PARE-PARE;SF-PAREPARE-6-EDI SURADI
PARE-PARE;PARE MAJENE;SIDRAP;SF-PAREPARE-22-OSTIAN
PARE-PARE;PARE MAJENE;SIDRAP;SF-PAREPARE-20-RISWAN RIDWAN
PARE-PARE;PARE MAJENE;PARE-PARE;SF-PAREPARE-32-ARDIANSYAH
PARE-PARE;PARE MAJENE;SIDRAP;SF-PAREPARE-24-ADI SAPUTRA
PARE-PARE;PARE MAJENE;SIDRAP;SF-PAREPARE-25-RIZAL ARBOWO
PARE-PARE;PARE MAJENE;PINRANG;SF-PAREPARE-8-ISMAIL NUHUNG
PARE-PARE;EWAKO;RANTEPAO;SF-PLPSRK-37-AMRAN MAKALE
PARE-PARE;PARE MAJENE;SIDRAP;SF-PAREPARE-23-A. SAHRIL
PARE-PARE;PARE MAJENE;SIDRAP;SF-PAREPARE-33-ABU BAKAR
PARE-PARE;PARE MAJENE;SIWA;SF-PAREPARE-26-MUH. IDRIS
PARE-PARE;PARE MAJENE;SIWA;SF-PAREPARE-27-ADI
PARE-PARE;PARE MAJENE;SENGKANG;SF-PAREPARE-19-YUSRI
PARE-PARE;PARE MAJENE;SENGKANG;SF-PAREPARE-17-LIMAI ISMAIL
PARE-PARE;PARE MAJENE;TANRUTEDONG;SF-PAREPARE-29-ILHAM
PARE-PARE;EWAKO;RANTEPAO;SF-PLPSRK-47-ANDI MAKALE
PARE-PARE;EWAKO;RANTEPAO;SF-PLPSRK-42-DEBRIN MAKALE
PARE-PARE;PARE MAJENE;SIDRAP;SF-PAREPARE-34-HASBI IDRIS
PARE-PARE;PARE MAJENE;PINRANG;SF-PAREPARE-10-ARSYAD
PARE-PARE;PARE MAJENE;SENGKANG;SF-PAREPARE-35-MUH. ASWIN
PARE-PARE;PARE MAJENE;TANRUTEDONG;SF-PAREPARE-28-SUHARYONO
PARE-PARE;PARE MAJENE;PINRANG;SF-PAREPARE-38-AZWAR AMRAN
PARE-PARE;EWAKO;RANTEPAO;SF-PLPSRK-48-DEWANGGA MAKALE
MANADO;TERNATE;TERNATE;SFTTE001-EVAN BARI (TTE)
MANADO;TERNATE;TERNATE;SFTTE004-BASRI LATUCONSINA (TTE)
KENDARI;WAKATOBI;RANOMEETO;ADAN-MUH ILHAM NURDIANTO
MANADO;MANADO RAYA;MEGAMAS;ADMMANADO-4-HENDRIKUS ANTHONIUS
MANADO;TERNATE;SOFIFI;SFTTE006-RIFANDI  (WEDA) 
MANADO;TERNATE;BACAN;SFTTE011-NIRWAN OBI
KENDARI;WAKATOBI;WUA WUA;SP-INNER02-ISHAK ODE
PARE-PARE;PARE MAJENE;MAMASA;CVS-MAMUJU-23-Ucchank
MAKASSAR;GOWA;-;SF-GOWA-36-SF RIKY
